0xC01b25FB310CD8AC575deC4B12e473B897b4Dc5A,
0xD2BF3d11b74Ad2067a570392122Ab0C9e3b7e546,
0xD64B7bc615db7633a6a53711cfCDdfcba21d390e,
0xa47a0cA516E9C7950832D6970D5f27E128e07a7A,
0x3a01005c0c8d3714b242Cd396a8B7A21748a6533,
0xD647De66E0cDBb7365196d396e962382F9F2A550,
0x0C921846597EBc0B12931d99136f3f909D7d7706,
0x1355378d0fdacD9c47e74Bc2694F8a5e3ed323D0,
0xcc92779448bD21C475AfbAbaFbf8deC6C7Af10a4,
0xAFD6C773463324AaFBe06153bf5Fa402803F6F5c,
0xC93C66c09eFe0BfA216FE89df42552344E199862,
0xf96793f0cAab56a60998836c5ddB16ED0aA0F38e,
0x6c41Cb09148c44EdEF237c7b3aF3a8A36d1C8BB3,
0x466B3e70B7642A5a8a0c66BF0CF96C9F11bdc562,
0x2718fA6E611a8a432E26fE270ff29F45fB0E5A6a,
0x924E6B8374f9f5D4FF90FF441C13F08BB21b27fc,
0x00Ef7628C3Be0F8DD5897DCA0086004fC9907964,
0x7F21988cbd339d62A69CA3162c973964886D98FD,
0x52477F752D7d7f542cadF57DD72A7EaE9E553Db3,
0xBaFB348603bd3cc1f04825054Ce37CabBD30974d,
0x07d0631Ea692d2f9DF906E8Cb52759A4A51D361B,
0xA97B3254f2BcE342D7095a357c9f7aF485dC9b1a,
0x48369d767A799461880449e8AD23ccEb96E9E351,
0xf93e750a87FEBCaa226B0879F597463b89F3CcD5,
0x346b4BBc012Af5AFA425FCde9A12007BA3729C90,
0xF7d52d0a27A7038bEbB1F6C062135034197dA853,
0x3cf417FA6dEBC362aF314b35425EebE9B6CA9612,
0x3210a8BFF2fA81216A92e3aad80a54D6711717FE,
0x9661c97bCbFA63B4584b0a60C810e530e89364E2,
0x21C539D4c35B1D514D455D8f2f07cc4E5080308f,
0x0C0a012be99f9fb4bF02d2041c727E6381203e3e,
0xDced9Bb13511F91E816D66B40006D8107Ddb65f5,
0xa55480aF612e3192295F51E09E8f82d2e7A3c51d,
0x259a134515ca7e0D357e3FCdD68E2B32A735e7Dc,
0x5Aefa314024c561ee1A71aec250945eFA1b5D343,
0x3b5Ce1D8a0FFc010cb0D53488cd52F4e27777E89,
0xB9b6499C2bCEDE1D751c64916526bC7E1015b229,
0xECeA961288A5488efC84C213A6C388bCbb9BD46a,
0xB09F72cfAc14C2Bed151b4FD1A3E3B336DaCb17d,
0x6564cc168A0FC961F16E2C3d1bfA142c734Dd024,
0x648B33D8bb1aA5F03029B3B15CD379696f1ae71e,
0xE0482810A331c12d27120E002cf21B8f3Ef26958,
0x3245d82A1ffE4B8F3015161499cF4d4308032Dc3,
0xF85DA59ff89d4EB85e7C8195a027E362b9b88577,
0xBC0e483d98ee6fd25ebCE144817Fb4ed2C52D8A7,
0xef57F4af92Bf617a3057ed58c938b79B2fEb5C57,
0x6bA1822E6b0304D9669E2bF927F11f06506521A8,
0xA67b3f891d14d4D3D242BeAb5D78EFeD27d76578,
0x41714A79972fE3eC3750B212A85f5d2fa28b186A,
0x47EdF503fdce1460713B33e4Ddb4CFC880bcA9Ce,
